able,18
aces,20
ache,19
acid,19
acne,20
acre,22
acts,18
aero,24
afro,20
aged,18
ages,19
ahem,18
aide,21
aims,19
airs,22
airy,20
akin,16
aloe,22
alps,17
also,20
alto,20
alum,16
amen,19
amid,18
amin,19
amir,21
amit,19
amor,21
amps,16
anew,18
anil,20
ante,20
anti,20
ants,18
anus,17
apes,19
apex,15
arch,19
arcs,20
arid,21
arms,19
army,17
arse,22
arts,20
atom,19
atop,19
aunt,17
auto,19
avid,15
axel,16
axes,16
axis,16
axle,16
bach,15
back,12
bags,15
bail,18
bait,18
bake,14
bald,15
bale,18
balm,15
band,15
bane,18
bang,15
bank,12
bans,16
bard,17
bare,20
bark,14
barn,18
bars,18
base,18
bash,15
bath,15
bats,16
bays,14
bead,17
beak,14
beam,17
bean,18
bear,20
beat,18
beau,17
beck,12
beds,15
begs,15
bein,18
belt,16
bend,15
bent,16
berg,17
best,16
beta,18
beth,15
bets,16
bhai,17
bias,18
bids,15
bien,18
bike,14
bile,18
bind,15
bing,15
bins,16
bios,18
bird,17
bite,18
bits,16
blah,15
bled,15
blew,14
bloc,16
blog,15
blot,16
blow,14
blue,15
blur,15
boar,20
boat,18
boca,18
bode,17
body,13
boil,18
bold,15
bolt,16
bona,18
bond,15
bone,18
bong,15
bony,14
bora,20
bore,20
born,18
both,15
bots,16
bout,15
bowl,14
bows,14
boys,14
brad,17
brag,17
bran,18
bras,18
brat,18
bray,16
bred,17
brew,16
brig,17
brim,17
brit,18
bros,18
brow,16
bruh,14
buck,9
buds,12
bugs,12
bulk,9
bump,11
bums,12
bunk,9
buns,13
burn,15
bury,13
bush,12
bust,13
busy,11
buys,11
byte,14
cabs,16
cafe,18
cage,19
cake,16
calf,16
cali,20
calm,17
came,19
camo,19
camp,16
cams,17
cane,20
cans,18
cant,18
cape,19
caps,17
carb,18
card,19
care,22
carl,20
carp,19
cars,20
cart,20
case,20
cash,17
cast,18
cate,20
cats,18
cave,16
cent,18
cert,20
chad,16
chai,19
chap,16
char,19
chat,17
chef,15
chew,15
chia,19
chin,17
chip,16
chit,17
chop,16
chow,15
cite,20
city,16
clad,17
clam,17
clan,18
clap,17
claw,16
clay,16
clip,17
clot,18
club,13
clue,17
coal,20
coat,20
code,19
coil,20
coin,20
coke,16
cola,20
cold,17
cole,20
coli,20
colt,18
coma,19
comb,15
come,19
comp,16
cone,20
cons,18
copa,19
cope,19
cops,17
copy,15
cora,22
cord,19
core,22
cork,16
corn,20
cory,18
cost,18
cosy,16
coup,16
cove,16
cows,16
cozy,12
crab,18
cram,19
crap,19
crew,18
crib,18
crop,19
crow,18
crux,13
cube,15
cubs,13
cues,17
cult,15
cups,14
curb,15
cure,19
curl,17
curt,17
cusp,14
cute,17
cuts,15
cyst,14
daft,15
dahl,16
dale,19
dame,18
damn,16
damp,15
dams,16
dang,16
dank,13
dare,21
dark,15
darn,19
dart,19
dash,16
date,19
dawg,14
dawn,15
days,15
deaf,17
deal,19
dean,19
dear,21
debt,15
deck,13
deco,19
defy,13
deli,19
demo,18
dent,17
deny,15
desi,19
desk,13
devi,15
dial,19
dice,19
dick,13
dies,19
diet,19
digs,16
dime,18
dine,19
ding,16
dino,19
dips,16
dire,21
dirk,15
dirt,19
disc,17
dish,16
disk,13
diva,15
dive,15
dock,13
docs,17
does,19
dogs,16
dole,19
dome,18
done,19
dong,16
dons,17
dope,18
dork,15
dorm,18
dory,17
dose,19
doth,16
dots,17
doug,15
dove,15
down,15
drab,17
drag,18
draw,17
drew,17
drip,18
drop,18
drug,15
drum,15
dual,16
dubs,12
duck,10
duct,14
duel,16
dues,16
duet,16
duke,12
duly,12
dumb,11
dump,12
dune,16
dung,13
dunk,10
dusk,10
dust,14
duty,12
dyer,17
dyes,15
each,19
earl,22
earn,22
ears,22
east,20
easy,18
eats,20
echo,19
edgy,14
edit,19
egos,19
emir,21
emit,19
ends,17
envy,12
epic,19
eras,22
eric,22
euro,21
evil,16
exam,15
exit,16
expo,15
face,18
fact,16
fade,17
fail,18
fair,20
fake,14
fame,17
fang,15
fans,16
fare,20
farm,17
fart,18
fast,16
fate,18
fats,16
faux,11
fave,14
fawn,14
fear,20
feat,18
felt,16
fend,15
fern,18
fest,16
feud,14
fiat,18
figs,15
file,18
film,15
find,15
fine,18
fink,12
fins,16
fire,20
firm,17
fish,15
fisk,12
fist,16
fits,16
five,14
flag,15
flak,12
flap,15
flat,16
flaw,14
flax,12
flea,18
fled,15
flew,14
flex,12
flip,15
flop,15
flow,14
flux,9
foam,17
foes,18
foil,18
fold,15
folk,12
fond,15
font,16
ford,17
fore,20
fork,14
form,17
fort,18
foul,15
four,17
frat,18
fray,16
fret,18
frog,17
from,17
fuel,15
fuji,11
fund,12
funk,9
fury,13
fuse,15
gabe,17
gail,19
gain,19
gait,19
gale,19
gals,17
game,18
gaps,16
garb,17
gasp,16
gate,19
gave,15
gays,15
gaze,15
gear,21
gems,16
gent,17
germ,18
gets,17
gifs,15
gift,15
gilt,17
girl,19
giro,21
gist,17
give,15
glad,16
glam,16
glen,17
glow,15
glue,16
goal,19
goat,19
gods,16
goes,19
gold,16
golf,15
gone,19
gore,21
gosh,16
gout,16
gown,15
grab,17
grad,18
gram,18
gran,19
gras,19
gray,17
grew,17
grey,17
grid,18
grim,18
grin,19
grip,18
grit,19
grow,17
grub,14
gulf,12
gump,12
gums,13
guns,14
gust,14
guts,14
guys,12
gyms,12
hack,13
hail,19
hair,21
hale,19
half,15
halo,19
halt,17
hand,16
hang,16
hank,13
hard,18
hare,21
harm,18
harp,18
hart,19
hast,17
hate,19
hats,17
haul,16
have,15
hawk,11
hays,15
haze,15
hazy,11
head,18
heal,19
heap,18
hear,21
heat,19
heck,13
heir,21
held,16
helm,16
help,16
hemp,15
hens,17
herb,17
herd,18
hero,21
hers,19
hide,18
hike,15
hind,16
hint,17
hips,16
hire,21
hits,17
hive,15
hiya,17
hoax,15
hogs,16
hola,19
hold,16
hole,19
holt,17
holy,15
home,18
hone,19
hong,16
hope,18
hops,16
horn,19
hose,19
host,17
hour,18
hove,15
howe,17
howl,15
hubs,12
hues,16
huge,15
hugs,13
hula,16
hulk,10
hump,12
hung,13
hunk,10
hunt,14
hurt,16
huts,14
hymn,12
hype,14
iced,19
icon,20
idea,21
idle,19
idol,19
inch,17
info,18
inks,14
into,20
ions,20
iron,22
isle,20
itch,17
item,19
jack,10
jade,15
jail,16
jake,12
jams,13
jane,16
jars,16
jaws,12
jays,12
jean,16
jens,14
jerk,12
jest,14
jets,14
jing,13
jinx,10
jive,12
jobs,12
jock,10
jody,11
joey,14
john,13
join,16
joke,12
jolt,14
jong,13
josh,13
joys,12
judo,12
jump,9
junk,7
jury,11
just,11
kale,16
kami,15
kang,13
kart,16
kate,16
katy,12
kemp,12
kept,13
kern,16
keto,16
keys,12
khan,13
kids,13
kiln,14
kilo,16
kind,13
king,13
kite,16
kits,14
knew,12
knit,14
knob,12
knot,14
know,12
kris,16
kyle,12
labs,16
lace,20
lack,14
lacy,16
lads,17
lady,15
laid,19
lair,22
lake,16
lakh,13
lamb,15
lame,19
lamp,16
land,17
lane,20
laps,17
lark,16
lars,20
lash,17
last,18
late,20
lawn,16
laws,16
lays,16
lazy,12
lead,19
leaf,18
leak,16
lean,20
leap,19
left,16
legs,17
lend,17
lens,18
lent,18
lest,18
lets,18
levy,12
lewd,15
liar,22
libs,16
lice,20
lick,14
lids,17
lied,19
lien,20
lies,20
lieu,19
life,18
lift,16
like,16
limb,15
lime,19
limo,19
limp,16
line,20
ling,17
link,14
lion,20
lips,17
lisa,20
list,18
lite,20
live,16
load,19
loaf,18
loan,20
lobe,18
loch,17
lock,14
loft,16
logs,17
lone,20
long,17
lord,19
lore,22
lori,22
lose,20
lost,18
lots,18
loud,16
love,16
lowe,18
lows,16
lube,15
luck,11
lucy,13
lump,13
luna,17
lung,14
lure,19
lurk,13
lush,14
lust,15
lynx,10
mace,19
mack,13
macs,17
made,18
mage,18
mags,16
maid,18
mail,19
main,19
make,15
male,19
mali,19
malt,17
mane,19
mani,19
mans,17
many,15
maps,16
marc,19
mare,21
mark,15
mart,19
mash,16
mask,13
mast,17
mate,19
math,16
mats,17
maud,15
maxi,15
mayo,17
mays,15
maze,15
mead,18
meal,19
mean,19
meat,19
mech,16
meds,16
mega,18
melo,19
melt,17
mend,16
menu,16
meow,17
mesa,19
mesh,16
meta,19
meth,16
mice,19
mike,15
mild,16
mile,19
milk,13
milo,19
mina,19
mind,16
mine,19
mink,13
mint,17
mist,17
mite,19
moan,19
moat,19
mobs,15
mock,13
mode,18
modi,18
mods,16
mold,16
mole,19
monk,13
mons,17
mora,21
more,21
morn,19
mort,19
most,17
moth,16
move,15
mrna,19
much,13
muck,10
mugs,13
mule,16
muse,16
musk,10
must,14
mute,16
myth,12
nail,20
name,19
naps,17
nats,18
nave,16
navy,12
neal,20
near,22
neat,20
neck,14
nemo,19
nerd,19
nest,18
nets,18
news,16
newt,16
next,14
nice,20
nick,14
nigh,16
nile,20
node,19
nods,17
noel,20
noir,22
nope,19
norm,19
nose,20
note,20
nova,16
nude,16
nuke,13
numb,12
nuts,15
oaks,16
oars,22
oath,19
oats,20
obey,16
ogre,21
oils,20
oily,18
okay,14
olds,17
omen,19
omit,19
once,20
ones,20
only,16
opal,19
open,19
opus,16
oral,22
orgy,17
ouch,16
ours,19
outs,17
oval,16
oven,16
over,18
owed,17
owes,18
owls,16
owns,16
pace,19
pack,13
pact,17
pads,16
page,18
paid,18
pain,19
pair,21
pale,19
palm,16
palo,19
pals,17
pane,19
pang,16
pans,17
pant,17
park,15
part,19
paso,19
past,17
path,16
pats,17
pave,15
pawn,15
paws,15
pays,15
peak,15
pear,21
peas,19
peat,19
peck,13
pens,17
perk,15
perm,18
pest,17
pets,17
phew,14
pick,13
pics,17
pied,18
pier,21
pies,19
pigs,16
pike,15
pile,19
pine,19
ping,16
pink,13
pins,17
pint,17
pits,17
pity,15
plan,17
plat,17
play,15
plea,19
plot,17
plow,15
ploy,15
plug,13
plum,13
plus,14
pods,16
poem,18
poet,19
poke,15
pole,19
poly,15
pond,16
pong,16
pont,17
pony,15
pore,21
pork,15
porn,19
port,19
pose,19
posh,16
post,17
pots,17
pour,18
pray,17
prey,17
prix,15
prod,18
prof,17
prog,18
prom,18
pros,19
pubs,12
puck,10
puke,12
puma,15
punk,10
puns,14
punt,14
pure,18
push,13
puts,14
qing,13
quad,12
quay,11
quid,12
quit,13
quiz,9
race,22
rack,16
raft,18
rage,21
rags,19
raid,21
rail,22
rain,22
rake,18
ramp,18
rams,19
rand,19
rang,19
rank,16
rant,20
rape,21
raps,19
rash,19
rate,22
rats,20
rave,18
rays,18
read,21
real,22
reap,21
redo,21
reds,19
refs,18
rein,22
rely,18
rent,20
repo,21
reps,19
rest,20
rhea,21
ribs,18
rice,22
rich,19
rick,16
ride,21
rife,20
rift,18
rigs,19
rims,19
ring,19
rink,16
riot,22
ripe,21
rips,19
rise,22
risk,16
rita,22
rite,22
ritz,16
road,21
roam,21
robe,20
rock,16
rode,21
rods,19
role,22
rolf,18
rope,21
rose,22
rosy,18
rout,19
roux,15
rows,18
rubs,15
ruby,13
rude,18
rugs,16
ruin,19
rule,19
rump,15
rune,19
rung,16
runs,17
ruse,19
rush,16
rust,17
ruth,16
sack,14
safe,18
sage,19
said,19
sail,20
sake,16
sale,20
salt,18
same,19
sand,17
sane,20
sang,17
sank,14
sari,22
save,16
scam,17
scan,18
scar,20
scot,18
scum,14
seal,20
seam,19
seat,20
sect,18
self,16
semi,19
send,17
sent,18
sept,17
sera,22
sewn,16
sexy,12
shag,16
sham,16
shaw,15
shay,15
shea,19
shed,16
shin,17
ship,16
shiv,13
shoe,19
shop,16
shot,17
show,15
shri,19
shun,14
shut,14
sick,14
side,19
sift,16
sigh,16
sign,17
silk,14
silo,20
sine,20
sing,17
sink,14
sire,22
site,20
situ,17
size,16
skew,12
skid,13
skim,13
skin,14
skip,13
skit,14
slab,16
slag,17
slam,17
slap,17
slay,16
sled,17
slew,16
slid,17
slim,17
slip,17
slit,18
slot,18
slow,16
slug,14
slum,14
slur,17
smog,16
smug,13
snag,17
snap,17
snow,16
snug,14
soak,16
soap,19
soar,22
sock,14
soda,19
sofa,18
soft,16
soil,20
sold,17
sole,20
soma,19
some,19
song,17
sore,22
sort,20
soul,17
soup,16
sour,19
spam,16
span,17
spar,19
spat,17
spec,17
sped,16
spin,17
spit,17
spot,17
spun,14
spur,16
stab,16
stag,17
stan,18
star,20
stay,16
stem,17
step,17
stew,16
stir,20
stop,17
stow,16
stub,13
stud,14
stun,15
such,14
suck,11
sued,16
suit,17
sumo,16
sung,14
sunk,11
sure,19
surf,15
swag,15
swam,15
swan,16
swap,15
swat,16
sway,14
swim,15
sync,14
tabs,16
tack,14
taco,20
tags,17
tail,20
take,16
tale,20
talk,14
tame,19
tang,17
tank,14
tape,19
taps,17
task,14
taxi,16
teal,20
team,19
tear,22
teas,20
tech,17
temp,16
tend,17
term,19
than,17
thaw,15
them,16
then,17
they,15
thin,17
this,17
thou,16
thru,16
thug,13
thus,14
tick,14
tide,19
tidy,15
tied,19
tier,22
ties,20
tile,20
time,19
ting,17
tins,18
tiny,16
tips,17
tire,22
toad,19
toby,14
toes,20
tofu,15
toil,20
told,17
tomb,15
tome,19
toms,17
tone,20
tong,17
tons,18
tony,16
tops,17
tore,22
tori,22
torn,20
tour,19
town,16
toys,16
tram,19
trap,19
tray,18
trek,16
trey,18
trim,19
trio,22
trip,19
tris,20
tron,20
troy,18
true,19
tsar,20
tube,15
tubs,13
tuck,11
tuna,17
tune,17
tung,14
turd,16
turf,15
turn,17
twas,16
twig,15
twin,16
type,15
typo,15
tyre,18
ugly,12
undo,16
unit,17
unto,17
upon,16
urge,18
used,16
user,19
vail,16
vain,16
vale,16
vans,14
vape,15
vary,14
vase,16
vast,14
veal,16
veil,16
vein,16
vent,14
vera,18
verb,14
very,14
vest,14
veto,16
vets,14
vial,16
vibe,14
vice,16
vids,13
view,14
vile,16
vine,16
visa,16
vita,16
void,15
volt,14
vote,16
vows,12
wade,17
wage,17
wait,18
wake,14
walk,12
walt,16
wand,15
wang,15
want,16
ward,17
ware,20
warm,17
warn,18
warp,17
wars,18
wary,16
wash,15
wasp,15
wave,14
wavy,10
ways,14
weak,14
wear,20
webs,14
weir,20
weld,15
welp,15
went,16
wept,15
west,16
what,15
when,15
whey,13
whim,14
whip,14
whit,15
whoa,17
whom,14
whos,15
wick,12
wide,17
wife,16
wigs,15
wild,15
wilt,16
wind,15
wine,18
wing,15
wink,12
wins,16
wipe,17
wire,20
wise,18
wish,15
with,15
wits,16
woes,18
woke,14
wolf,14
womb,13
wong,15
wont,16
word,17
wore,20
work,14
worm,17
worn,18
wrap,17
wren,18
writ,18
yang,15
yard,17
yarn,18
yawn,14
yeah,17
year,20
yelp,15
yeti,18
yoga,17
yogi,17
yoke,14
yolk,12
your,17
yuan,15
yuck,9
zeal,16
zero,18
zest,14
zeta,16
zinc,14
zone,16
